idGraph;objectName;viewNumber;nodeCount;edgeCount;cumulativeMass;DAGCost;fileOffset;MaxTSVDimension;totalTSVSum;shape_xMax;shape_xMin;shape_yMax;shape_yMin;shape_Height;shape_Width;refGraphClass;refObjectClass
1;img/PPM/LearningSet/GEAR/gear007.ppm;7;9;10;31;10;0;5;21.8726170707931;125;15;278;13;265;110;ShockGraph;Gear
2;img/PPM/LearningSet/GEAR/gear005.ppm;5;5;6;15;6;0;5;8.58257569495584;135;7;276;20;256;128;ShockGraph;Gear
3;img/PPM/LearningSet/GEAR/gear009.ppm;9;25;26;135;26;0;5;71.3295286684359;219;19.0082304526749;282;15.0288065843621;266.971193415638;199.991769547325;ShockGraph;Gear
4;img/PPM/LearningSet/GEAR/gear008.ppm;8;25;26;135;26;0;5;71.3295286684359;176;19.0041152263374;283;18.1111111111111;264.888888888889;156.995884773663;ShockGraph;Gear
5;img/PPM/LearningSet/GEAR/gear028.ppm;28;21;22;87;22;0;6;49.5293007311607;282.884773662551;15;239.971193415638;5;234.971193415638;267.884773662551;ShockGraph;Gear
6;img/PPM/LearningSet/GEAR/gear006.ppm;6;33;34;163;34;0;5;86.4856343215946;275.555555555556;23.1111111111111;267.991769547325;14.0534979423868;253.938271604938;252.444444444444;ShockGraph;Gear
7;img/PPM/LearningSet/GEAR/gear002.ppm;2;40;41;200;41;0;5;98.9138892755028;284.946502057613;15;272;14;258;269.946502057613;ShockGraph;Gear
8;img/PPM/LearningSet/GEAR/gear004.ppm;4;33;34;181;34;0;5;88.8862206723377;270;24.0041152263374;279.991769547325;11.1769547325103;268.814814814815;245.995884773663;ShockGraph;Gear
9;img/PPM/LearningSet/GEAR/gear010.ppm;10;21;22;103;22;0;5;58.513767196051;253.991769547325;16.0576131687243;284.555555555556;9.02880658436214;275.526748971193;237.934156378601;ShockGraph;Gear
10;img/PPM/LearningSet/GEAR/gear021.ppm;21;23;24;102;24;0;6;56.120189498503;280.489711934156;19;252.995884773663;6.00411522633745;246.991769547325;261.489711934156;ShockGraph;Gear
11;img/PPM/LearningSet/GEAR/gear024.ppm;24;10;11;36;11;0;4;22.4913755112832;257.946502057613;7;287.946502057613;6.20164609053498;281.744855967078;250.946502057613;ShockGraph;Gear
12;img/PPM/LearningSet/GEAR/gear029.ppm;29;28;29;135;29;0;5;69.357965310299;284.991769547325;21.0329218106996;251;13;238;263.958847736626;ShockGraph;Gear
13;img/PPM/LearningSet/GEAR/gear013.ppm;13;27;28;125;28;0;5;66.5356611270508;271.946502057613;9;279.703703703704;16.119341563786;263.584362139918;262.946502057613;ShockGraph;Gear
14;img/PPM/LearningSet/GEAR/gear012.ppm;12;19;20;77;20;0;5;45.5961399643006;272;9.65020576131687;280;16.1111111111111;263.888888888889;262.349794238683;ShockGraph;Gear
15;img/PPM/LearningSet/GEAR/gear017.ppm;17;1;2;3;2;0;2;1;276.827160493827;15;279;19;260;261.827160493827;ShockGraph;Gear
16;img/PPM/LearningSet/GEAR/gear003.ppm;3;37;38;211;38;0;5;97.4736249926696;287.995884773663;10.5102880658436;277;15.7201646090535;261.279835390947;277.485596707819;ShockGraph;Gear
17;img/PPM/LearningSet/GEAR/gear011.ppm;11;25;26;119;26;0;5;65.2424138109794;269;21.2304526748971;267.341563786008;13;254.341563786008;247.769547325103;ShockGraph;Gear
18;img/PPM/LearningSet/GEAR/gear014.ppm;14;23;24;119;24;0;5;64.9502091713339;277.946502057613;18;289.991769547325;8.2962962962963;281.695473251029;259.946502057613;ShockGraph;Gear
19;img/PPM/LearningSet/GEAR/gear019.ppm;19;43;44;243;44;0;5;99.6516939354816;283.991769547325;8.00411522633745;277.991769547325;10.0041152263374;267.987654320988;275.987654320988;ShockGraph;Gear
20;img/PPM/LearningSet/GEAR/gear030.ppm;30;27;28;124;28;0;5;64.7886973646553;287.995884773663;10.1152263374486;263;9.02880658436214;253.971193415638;277.880658436214;ShockGraph;Gear
21;img/PPM/LearningSet/GEAR/gear016.ppm;16;79;80;617;80;0;5;206.458176262249;276.769547325103;19.440329218107;278.769547325103;9.23045267489712;269.539094650206;257.329218106996;ShockGraph;Gear
22;img/PPM/LearningSet/GEAR/gear020.ppm;20;29;30;142;30;0;5;70.9157404193075;284.152263374486;6.7201646090535;261.971193415638;4.05349794238683;257.917695473251;277.432098765432;ShockGraph;Gear
23;img/PPM/LearningSet/GEAR/gear015.ppm;15;79;80;457;80;0;5;194.072327375786;287.251028806584;6.23045267489712;287.769547325103;7.23045267489712;280.539094650206;281.020576131687;ShockGraph;Gear
24;img/PPM/LearningSet/GEAR/gear001.ppm;1;46;47;249;47;0;5;112.756197106641;284.991769547325;19.0288065843621;285.971193415638;17.3251028806584;268.646090534979;265.962962962963;ShockGraph;Gear
25;img/PPM/LearningSet/GEAR/gear018.ppm;18;43;44;222;44;0;5;94.0620998701982;286.674897119342;23.0288065843621;280.674897119342;15.8189300411523;264.855967078189;263.646090534979;ShockGraph;Gear
26;img/PPM/LearningSet/GEAR/gear023.ppm;23;25;26;123;26;0;5;65.9947516400398;286;17;276;8.02880658436214;267.971193415638;269;ShockGraph;Gear
27;img/PPM/LearningSet/GEAR/gear022.ppm;22;18;19;79;19;0;5;47.0743732828791;286.991769547325;20;244.946502057613;9;235.946502057613;266.991769547325;ShockGraph;Gear
28;img/PPM/LearningSet/GEAR/gear025.ppm;25;10;11;36;11;0;4;22.4913755112832;250;25;287;13;274;225;ShockGraph;Gear
29;img/PPM/LearningSet/GEAR/gear026.ppm;26;21;22;97;22;0;5;55.6852584001678;284.995884773663;21;270;6;264;263.995884773663;ShockGraph;Gear
30;img/PPM/LearningSet/GEAR/gear027.ppm;27;19;20;83;20;0;5;49.3485617231327;289.995884773663;3;261;3.00411522633745;257.995884773663;286.995884773663;ShockGraph;Gear
31;img/PPM/LearningSet/GEAR/gear032.ppm;32;21;22;92;22;0;5;50.5797525700009;256;12;287;13.0041152263374;273.995884773663;244;ShockGraph;Gear
32;img/PPM/LearningSet/GEAR/gear031.ppm;31;31;32;143;32;0;5;74.3856330281705;264;10;286.991769547325;4.11522633744856;282.876543209877;254;ShockGraph;Gear
33;img/PPM/LearningSet/GEAR/gear033.ppm;33;31;32;146;32;0;5;73.7717927141359;289.489711934156;9.0082304526749;285.279835390947;16.4444444444444;268.835390946502;280.481481481482;ShockGraph;Gear
34;img/PPM/LearningSet/GEAR/gear036.ppm;36;53;54;465;54;0;5;160.325345157815;219.942386831276;4.05761316872428;282.699588477366;15;267.699588477366;215.884773662551;ShockGraph;Gear
35;img/PPM/LearningSet/GEAR/gear037.ppm;37;55;56;503;56;0;5;170.819617280461;195.9670781893;3.05761316872428;291.82304526749;10;281.82304526749;192.909465020576;ShockGraph;Gear
36;img/PPM/LearningSet/GEAR/gear040.ppm;40;5;6;15;6;0;5;8.58257569495584;56;18;285;19;266;38;ShockGraph;Gear
37;img/PPM/LearningSet/GEAR/gear039.ppm;39;7;8;25;8;0;3;15.8481933443458;97.9958847736626;16;282;17;265;81.9958847736626;ShockGraph;Gear
38;img/PPM/LearningSet/GEAR/gear038.ppm;38;53;54;471;54;0;5;164.091873173043;175.794238683128;12.1399176954733;290;13;277;163.654320987654;ShockGraph;Gear
39;img/PPM/LearningSet/GEAR/gear035.ppm;35;61;62;448;62;0;5;159.59242590034;276.855967078189;3.05761316872428;291.884773662551;5.11522633744856;286.769547325103;273.798353909465;ShockGraph;Gear
40;img/PPM/LearningSet/GEAR/gear034.ppm;34;102;103;636;103;0;5;224.671604161973;293.769547325103;8.1440329218107;290.946502057613;6.05349794238683;284.893004115226;285.625514403292;ShockGraph;Gear
41;img/PPM/LearningSet/GEAR/gear041.ppm;41;3;4;9;4;0;3;6.14505191510159;283;15;278;9;269;268;ShockGraph;Gear
42;img/PPM/LearningSet/GEAR/gear049.ppm;49;5;6;17;6;0;3;9.70802232303093;58.2098765432099;12;289.942386831276;8.23045267489712;281.711934156379;46.2098765432099;ShockGraph;Gear
43;img/PPM/LearningSet/GEAR/gear046.ppm;46;43;44;345;44;0;5;128.371667122645;278.670781893004;20.5144032921811;202.942386831276;15.0576131687243;187.884773662551;258.156378600823;ShockGraph;Gear
44;img/PPM/LearningSet/GEAR/gear042.ppm;42;3;4;9;4;0;3;6.14505191510159;286.995884773663;8.00411522633745;282.802469135802;5;277.802469135802;278.991769547325;ShockGraph;Gear
45;img/PPM/LearningSet/GEAR/gear047.ppm;47;37;38;279;38;0;5;108.848516137458;278;21;161.991769547325;16.0329218106996;145.958847736626;257;ShockGraph;Gear
46;img/PPM/LearningSet/GEAR/gear050.ppm;50;5;6;17;6;0;3;9.70802232303093;65;19;288.855967078189;12.1440329218107;276.711934156379;46;ShockGraph;Gear
47;img/PPM/LearningSet/GEAR/gear051.ppm;51;5;6;17;6;0;3;9.70802232303093;59.9958847736625;6;293.884773662551;10.5144032921811;283.37037037037;53.9958847736625;ShockGraph;Gear
48;img/PPM/LearningSet/GEAR/gear044.ppm;44;53;54;315;54;0;5;128.794513081932;271.769547325103;22.0082304526749;251.818930041152;1.1440329218107;250.674897119342;249.761316872428;ShockGraph;Gear
49;img/PPM/LearningSet/GEAR/gear045.ppm;45;53;54;404;54;0;5;138.624416612463;278.880658436214;16;259.460905349794;15.0576131687243;244.40329218107;262.880658436214;ShockGraph;Gear
50;img/PPM/LearningSet/GEAR/gear048.ppm;48;47;48;385;48;0;5;139.960789676347;283.884773662551;12.0082304526749;203.9670781893;22.0576131687243;181.909465020576;271.876543209877;ShockGraph;Gear
51;img/PPM/LearningSet/GEAR/gear052.ppm;52;5;6;17;6;0;3;9.70802232303093;94.9506172839506;14;286.946502057613;10.2962962962963;276.650205761317;80.9506172839506;ShockGraph;Gear
52;img/PPM/LearningSet/GEAR/gear043.ppm;43;51;52;302;52;0;5;129.103673020122;280.9670781893;5.11934156378601;285.942386831276;10.0288065843621;275.913580246914;275.847736625514;ShockGraph;Gear
53;img/PPM/LearningSet/GEAR/gear053.ppm;53;13;14;53;14;0;5;34.6244781044296;138.860082304527;7;293.473251028807;10;283.473251028807;131.860082304527;ShockGraph;Gear
54;img/PPM/LearningSet/GEAR/gear054.ppm;54;55;56;491;56;0;5;165.41617230257;192.559670781893;14.1111111111111;289.855967078189;14.2304526748971;275.625514403292;178.448559670782;ShockGraph;Gear
55;img/PPM/LearningSet/GEAR/gear055.ppm;55;72;73;707;73;0;5;206.861701356239;222.349794238683;11.5925925925926;289.43621399177;11.7489711934156;277.687242798354;210.757201646091;ShockGraph;Gear
56;img/PPM/LearningSet/GEAR/gear061.ppm;61;15;14;43;16;0;4;26.0896107714915;115;13;286;15;271;102;ShockGraph;Gear
57;img/PPM/LearningSet/GEAR/gear056.ppm;56;94;95;1009;95;0;5;262.547301876471;256.349794238683;18.4115226337449;292.559670781893;12.6502057613169;279.909465020576;237.938271604938;ShockGraph;Gear
58;img/PPM/LearningSet/GEAR/gear062.ppm;62;6;7;20;7;0;4;14.0257001805732;102;16;280;22;258;86;ShockGraph;Gear
59;img/PPM/LearningSet/GEAR/gear058.ppm;58;126;127;865;127;0;5;314.599003567149;274.349794238683;22.0452674897119;260.349794238683;4.65020576131687;255.699588477366;252.304526748971;ShockGraph;Gear
60;img/PPM/LearningSet/GEAR/gear057.ppm;57;120;121;1134;121;0;6;314.125359911997;275.349794238683;21.0205761316872;285.559670781893;12.440329218107;273.119341563786;254.329218106996;ShockGraph;Gear
61;img/PPM/LearningSet/GEAR/gear059.ppm;59;127;128;823;128;0;5;315.544041226499;278.954732510288;20.6502057613169;274.349794238683;16.0452674897119;258.304526748971;258.304526748971;ShockGraph;Gear
62;img/PPM/LearningSet/GEAR/gear063.ppm;63;12;13;47;13;0;5;31.3290349574552;138.703703703704;12;285;16;269;126.703703703704;ShockGraph;Gear
63;img/PPM/LearningSet/GEAR/gear060.ppm;60;127;128;859;128;0;5;315.270392780004;280.954732510288;8.65020576131687;285.349794238683;8.65020576131687;276.699588477366;272.304526748971;ShockGraph;Gear
64;img/PPM/LearningSet/GEAR/gear070.ppm;70;1;2;3;2;0;2;1;38;25;282.855967078189;18.1440329218107;264.711934156379;13;ShockGraph;Gear
65;img/PPM/LearningSet/GEAR/gear064.ppm;64;19;19;66;20;0;5;43.0925254377584;184;3;289;14;275;181;ShockGraph;Gear
66;img/PPM/LearningSet/GEAR/gear071.ppm;71;5;6;17;6;0;3;9.70802232303093;72;24;285.946502057613;16.0534979423868;269.893004115226;48;ShockGraph;Gear
67;img/PPM/LearningSet/GEAR/gear065.ppm;65;19;20;82;20;0;5;44.9789038833752;259.576131687243;8.04938271604938;281;9;272;251.526748971193;ShockGraph;Gear
68;img/PPM/LearningSet/GEAR/gear066.ppm;66;31;32;153;32;0;5;66.1876088608855;288.345679012346;13;282;11;271;275.345679012346;ShockGraph;Gear
69;img/PPM/LearningSet/GEAR/gear067.ppm;67;33;34;160;34;0;5;68.6668941116011;284.259259259259;15.0082304526749;279.551440329218;9.32510288065844;270.22633744856;269.251028806584;ShockGraph;Gear
70;img/PPM/LearningSet/GEAR/gear072.ppm;72;6;7;22;7;0;3;11.8375226295806;97;19;282.942386831276;15.1399176954733;267.802469135803;78;ShockGraph;Gear
71;img/PPM/LearningSet/GEAR/gear068.ppm;68;23;24;108;24;0;5;52.896106792028;275;6.65432098765432;291.703703703704;17.201646090535;274.502057613169;268.345679012346;ShockGraph;Gear
72;img/PPM/LearningSet/GEAR/gear069.ppm;69;18;19;76;19;0;5;43.4684539857288;275.798353909465;8;290.946502057613;8.45267489711934;282.493827160494;267.798353909465;ShockGraph;Gear
73;img/PPM/LearningSet/GEAR/gear073.ppm;73;25;26;147;26;0;3;69.9026982573757;136.946502057613;20.0534979423868;292.942386831276;6.05761316872428;286.884773662551;116.893004115226;ShockGraph;Gear
74;img/PPM/LearningSet/GEAR/gear074.ppm;74;44;45;352;45;0;4;132.991459302565;154.880658436214;11.119341563786;289.9670781893;10.0576131687243;279.909465020576;143.761316872428;ShockGraph;Gear
75;img/PPM/LearningSet/GEAR/gear075.ppm;75;57;58;535;58;0;5;177.544105587178;203.855967078189;23.2304526748971;289.794238683128;11.0329218106996;278.761316872428;180.625514403292;ShockGraph;Gear
76;img/PPM/LearningSet/GEAR/gear076.ppm;76;58;59;547;59;0;5;177.487358480168;240.460905349794;8.35390946502058;292.946502057613;3.03292181069959;289.913580246914;232.106995884774;ShockGraph;Gear
77;img/PPM/LearningSet/GEAR/gear077.ppm;77;57;58;509;58;0;5;168.679565352655;269.855967078189;21.2304526748971;284.794238683128;6.03292181069959;278.761316872428;248.625514403292;ShockGraph;Gear
78;img/PPM/LearningSet/GEAR/gear081.ppm;81;5;6;15;6;0;5;8.58257569495584;74;22;284;9;275;52;ShockGraph;Gear
79;img/PPM/LearningSet/GEAR/gear082.ppm;82;51;50;245;52;0;5;128.133564641552;287;21;165.991769547325;10.0082304526749;155.98353909465;266;ShockGraph;Gear
80;img/PPM/LearningSet/GEAR/gear080.ppm;80;60;60;337;61;0;5;152.731447343908;252;43;267;15;252;209;ShockGraph;Gear
81;img/PPM/LearningSet/GEAR/gear078.ppm;78;63;64;373;64;0;5;152.878226300522;285.855967078189;2.1440329218107;290.855967078189;10.2304526748971;280.625514403292;283.711934156379;ShockGraph;Gear
82;img/PPM/LearningSet/PISTON/piston001.ppm;1;1;2;3;2;0;2;1;284;20;266;7;259;264;ShockGraph;Piston
83;img/PPM/LearningSet/PISTON/piston002.ppm;2;6;7;20;7;0;4;14.0257001805732;271;7;285;16;269;264;ShockGraph;Piston
84;img/PPM/LearningSet/GEAR/gear079.ppm;79;177;178;1272;178;0;5;440.032196704977;281;21;265.946502057613;6;259.946502057613;260;ShockGraph;Gear
85;img/PPM/LearningSet/PISTON/piston003.ppm;3;30;31;149;31;0;5;72.4328225912427;278;15;219;12;207;263;ShockGraph;Piston
86;img/PPM/LearningSet/PISTON/piston005.ppm;5;4;5;12;5;0;4;7.46410161513776;238;10;290;5;285;228;ShockGraph;Piston
87;img/PPM/LearningSet/PISTON/piston006.ppm;6;5;6;15;6;0;5;8.58257569495584;280.991769547325;16.8148148148148;270;8;262;264.17695473251;ShockGraph;Piston
88;img/PPM/LearningSet/PISTON/piston004.ppm;4;29;30;141;30;0;5;69.7088942127809;282;18;228;14;214;264;ShockGraph;Piston
89;img/PPM/LearningSet/PISTON/piston007.ppm;7;5;6;15;6;0;5;8.58257569495584;236.827160493827;26;275.991769547325;15.7901234567901;260.201646090535;210.827160493827;ShockGraph;Piston
90;img/PPM/LearningSet/PISTON/piston009.ppm;9;9;10;31;10;0;5;21.8726170707931;274;26;233;18;215;248;ShockGraph;Piston
91;img/PPM/LearningSet/PISTON/piston008.ppm;8;5;6;15;6;0;5;8.58257569495584;292;13.3004115226337;268;6;262;278.699588477366;ShockGraph;Piston
92;img/PPM/LearningSet/PISTON/piston011.ppm;11;8;9;28;9;0;5;19.6529084734301;276;25;250;12;238;251;ShockGraph;Piston
93;img/PPM/LearningSet/PISTON/piston010.ppm;10;5;6;15;6;0;5;8.58257569495584;278;18.5102880658436;253;20;233;259.489711934156;ShockGraph;Piston
94;img/PPM/LearningSet/PISTON/piston012.ppm;12;5;6;15;6;0;5;8.58257569495584;249;15;283;20;263;234;ShockGraph;Piston
95;img/PPM/LearningSet/PISTON/piston013.ppm;13;5;6;15;6;0;5;8.58257569495584;251;15;284;15;269;236;ShockGraph;Piston
96;img/PPM/LearningSet/PISTON/piston014.ppm;14;7;8;23;8;0;5;17.0226958715866;261;28;273;19;254;233;ShockGraph;Piston
97;img/PPM/LearningSet/PISTON/piston015.ppm;15;26;27;121;27;0;5;62.5725841527233;277;23;201;15;186;254;ShockGraph;Piston
98;img/PPM/LearningSet/PISTON/piston017.ppm;17;7;8;26;8;0;4;17.6546626349121;276;33;284;10;274;243;ShockGraph;Piston
99;img/PPM/LearningSet/PISTON/piston016.ppm;16;6;7;20;7;0;4;14.0257001805732;291;6;259;21;238;285;ShockGraph;Piston
100;img/PPM/LearningSet/PISTON/piston018.ppm;18;37;38;201;38;0;5;92.4890116007753;283.798353909465;20.1152263374486;213;15;198;263.683127572016;ShockGraph;Piston
101;img/PPM/LearningSet/PISTON/piston020.ppm;20;35;36;181;36;0;5;85.9523069038007;280;19;205;14;191;261;ShockGraph;Piston
102;img/PPM/LearningSet/PISTON/piston019.ppm;19;31;32;157;32;0;5;75.1561402163142;276;17;203;13;190;259;ShockGraph;Piston
103;img/PPM/LearningSet/PISTON/piston022.ppm;22;6;7;20;7;0;4;14.0257001805732;254;26;194;8.00411522633745;185.995884773663;228;ShockGraph;Piston
104;img/PPM/LearningSet/PISTON/piston021.ppm;21;35;36;177;36;0;5;83.3485552792617;278;24;199;14;185;254;ShockGraph;Piston
105;img/PPM/LearningSet/PISTON/piston023.ppm;23;7;8;26;8;0;4;17.6546626349121;262;21;289;10;279;241;ShockGraph;Piston
106;img/PPM/LearningSet/PISTON/piston024.ppm;24;5;6;15;6;0;5;8.58257569495584;272;30;266.160493827161;12;254.160493827161;242;ShockGraph;Piston
107;img/PPM/LearningSet/PISTON/piston025.ppm;25;5;6;15;6;0;5;8.58257569495584;278;28;255.991769547325;11;244.991769547325;250;ShockGraph;Piston
108;img/PPM/LearningSet/PISTON/piston026.ppm;26;6;7;19;7;0;5;13.1563289362497;279;22;232.991769547325;9;223.991769547325;257;ShockGraph;Piston
109;img/PPM/LearningSet/PISTON/piston028.ppm;28;6;7;20;7;0;4;14.0257001805732;270.991769547325;20;219.395061728395;9;210.395061728395;250.991769547325;ShockGraph;Piston
110;img/PPM/LearningSet/PISTON/piston027.ppm;27;5;6;15;6;0;5;8.58257569495584;269;23;283.888888888889;15;268.888888888889;246;ShockGraph;Piston
111;img/PPM/LearningSet/PISTON/piston029.ppm;29;5;6;15;6;0;5;8.58257569495584;283;17;243;10;233;266;ShockGraph;Piston
112;img/PPM/LearningSet/PISTON/piston030.ppm;30;15;16;66;16;0;4;37.5319447204106;283.971193415638;21.0041152263374;211;9;202;262.9670781893;ShockGraph;Piston
113;img/PPM/LearningSet/PISTON/piston033.ppm;33;21;22;91;22;0;5;50.6786259006838;283;13;181;10;171;270;ShockGraph;Piston
114;img/PPM/LearningSet/PISTON/piston031.ppm;31;33;33;157;34;0;5;81.3294538603598;282;15;204;6;198;267;ShockGraph;Piston
115;img/PPM/LearningSet/PISTON/piston032.ppm;32;6;7;20;7;0;4;14.0257001805732;278;15;250;11.0082304526749;238.991769547325;263;ShockGraph;Piston
116;img/PPM/LearningSet/PISTON/piston034.ppm;34;5;6;15;6;0;5;8.58257569495584;282;9;199.20987654321;5;194.20987654321;273;ShockGraph;Piston
117;img/PPM/LearningSet/PISTON/piston036.ppm;36;26;27;127;27;0;5;65.3693018324696;274.9670781893;20.3251028806584;174;12;162;254.641975308642;ShockGraph;Piston
118;img/PPM/LearningSet/PISTON/piston037.ppm;37;5;6;15;6;0;5;8.58257569495584;272;22.0288065843621;207;7.04938271604938;199.950617283951;249.971193415638;ShockGraph;Piston
119;img/PPM/LearningSet/PISTON/piston035.ppm;35;5;6;15;6;0;5;8.58257569495584;235;18;285.995884773663;12;273.995884773663;217;ShockGraph;Piston
120;img/PPM/LearningSet/PISTON/piston038.ppm;38;4;5;12;5;0;4;7.46410161513776;246;21;226;5;221;225;ShockGraph;Piston
121;img/PPM/LearningSet/PISTON/piston039.ppm;39;6;7;20;7;0;4;14.0257001805732;215;19;273;23;250;196;ShockGraph;Piston
122;img/PPM/LearningSet/PISTON/piston040.ppm;40;6;7;20;7;0;4;14.0257001805732;206.991769547325;19;279.703703703704;15;264.703703703704;187.991769547325;ShockGraph;Piston
123;img/PPM/LearningSet/PISTON/piston041.ppm;41;5;6;15;6;0;5;8.58257569495584;272;25;241;12;229;247;ShockGraph;Piston
124;img/PPM/LearningSet/PISTON/piston044.ppm;44;5;6;15;6;0;5;8.58257569495584;231;19;278;19;259;212;ShockGraph;Piston
125;img/PPM/LearningSet/PISTON/piston042.ppm;42;13;14;51;14;0;5;33.7099700137135;268;28;247;26;221;240;ShockGraph;Piston
126;img/PPM/LearningSet/PISTON/piston045.ppm;45;5;6;15;6;0;5;8.58257569495584;250;28;268;21;247;222;ShockGraph;Piston
127;img/PPM/LearningSet/PISTON/piston043.ppm;43;13;14;51;14;0;5;33.7099700137135;274;25;262;21;241;249;ShockGraph;Piston
128;img/PPM/LearningSet/PISTON/piston047.ppm;47;5;6;15;6;0;5;8.58257569495584;236;24;281;12;269;212;ShockGraph;Piston
129;img/PPM/LearningSet/PISTON/piston046.ppm;46;13;14;51;14;0;5;33.7099700137135;268;34.201646090535;246;29;217;233.798353909465;ShockGraph;Piston
130;img/PPM/LearningSet/PISTON/piston048.ppm;48;5;6;15;6;0;5;8.58257569495584;252;23;275;17;258;229;ShockGraph;Piston
131;img/PPM/LearningSet/PISTON/piston052.ppm;52;13;14;47;14;0;5;29.039890703811;272;24;175;13;162;248;ShockGraph;Piston
132;img/PPM/LearningSet/PISTON/piston053.ppm;53;13;14;47;14;0;5;29.039890703811;268;21;170;9;161;247;ShockGraph;Piston
133;img/PPM/LearningSet/PISTON/piston049.ppm;49;5;6;15;6;0;5;8.58257569495584;259;34;279;12;267;225;ShockGraph;Piston
134;img/PPM/LearningSet/PISTON/piston051.ppm;51;7;8;23;8;0;5;17.0226958715866;279;14;188;19;169;265;ShockGraph;Piston
135;img/PPM/LearningSet/PISTON/piston050.ppm;50;5;6;15;6;0;5;8.58257569495584;259;30;282;17;265;229;ShockGraph;Piston
136;img/PPM/LearningSet/PISTON/piston056.ppm;56;5;6;15;6;0;5;8.58257569495584;259;35;231;12;219;224;ShockGraph;Piston
137;img/PPM/LearningSet/PISTON/piston058.ppm;58;19;20;84;20;0;5;48.8741786741729;279;15;215;20;195;264;ShockGraph;Piston
138;img/PPM/LearningSet/PISTON/piston054.ppm;54;5;6;15;6;0;5;8.58257569495584;277;22;268;30;238;255;ShockGraph;Piston
139;img/PPM/LearningSet/PISTON/piston057.ppm;57;5;6;15;6;0;5;8.58257569495584;282;10;250;8;242;272;ShockGraph;Piston
140;img/PPM/LearningSet/PISTON/piston061.ppm;61;6;7;20;7;0;4;14.0257001805732;274;14;229;9;220;260;ShockGraph;Piston
141;img/PPM/LearningSet/PISTON/piston055.ppm;55;5;6;15;6;0;5;8.58257569495584;271;25.0493827160494;275;12;263;245.950617283951;ShockGraph;Piston
142;img/PPM/LearningSet/PISTON/piston060.ppm;60;6;7;19;7;0;5;13.1563289362497;259;36;197.971193415638;11;186.971193415638;223;ShockGraph;Piston
143;img/PPM/LearningSet/PISTON/piston063.ppm;63;5;6;15;6;0;5;8.58257569495584;273;20;263.950617283951;12;251.950617283951;253;ShockGraph;Piston
144;img/PPM/LearningSet/PistonAssembly/PistonAssembly001.ppm;1;10;10;31;11;0;5;21.7934870921865;96;31;283.827160493827;20;263.827160493827;65;ShockGraph;PistonAssembly
145;img/PPM/LearningSet/PISTON/piston064.ppm;64;5;6;15;6;0;5;8.58257569495584;247;40;262;24;238;207;ShockGraph;Piston
146;img/PPM/LearningSet/PISTON/piston059.ppm;59;5;6;15;6;0;5;8.58257569495584;288;6.00411522633745;229.995884773663;18;211.995884773663;281.995884773663;ShockGraph;Piston
147;img/PPM/LearningSet/PISTON/piston067.ppm;67;22;23;98;23;0;5;54.4253552207718;265;38.0576131687243;181;20;161;226.942386831276;ShockGraph;Piston
148;img/PPM/LearningSet/PistonAssembly/PistonAssembly002.ppm;2;9;9;26;10;0;5;16.9197638896038;94;21.1728395061728;287.950617283951;7;280.950617283951;72.8271604938272;ShockGraph;PistonAssembly
149;img/PPM/LearningSet/PISTON/piston062.ppm;62;5;6;17;6;0;3;11.6841256431864;267;22;285;6;279;245;ShockGraph;Piston
150;img/PPM/LearningSet/PISTON/piston066.ppm;66;5;6;15;6;0;5;8.58257569495584;267;24;281;9;272;243;ShockGraph;Piston
151;img/PPM/LearningSet/PistonAssembly/PistonAssembly003.ppm;3;13;13;40;14;0;5;25.2237045585183;287;17;86;19;67;270;ShockGraph;PistonAssembly
152;img/PPM/LearningSet/PistonAssembly/PistonAssembly007.ppm;7;11;11;32;12;0;5;18.4564040245989;89;19.0082304526749;279;18.3004115226337;260.699588477366;69.9917695473251;ShockGraph;PistonAssembly
153;img/PPM/LearningSet/PistonAssembly/PistonAssembly008.ppm;8;11;11;32;12;0;5;19.888082077449;105.827160493827;29;279.950617283951;18.0082304526749;261.942386831276;76.8271604938272;ShockGraph;PistonAssembly
154;img/PPM/LearningSet/PISTON/piston068.ppm;68;4;5;12;5;0;4;7.46410161513776;268;42;272;9;263;226;ShockGraph;Piston
155;img/PPM/LearningSet/PistonAssembly/PistonAssembly004.ppm;4;11;11;32;12;0;5;18.4564040245989;128;34;280;19;261;94;ShockGraph;PistonAssembly
156;img/PPM/LearningSet/PistonAssembly/PistonAssembly006.ppm;6;10;10;29;11;0;4;17.5355244168128;73;6.17283950617284;271.971193415638;24;247.971193415638;66.8271604938272;ShockGraph;PistonAssembly
157;img/PPM/LearningSet/PISTON/piston065.ppm;65;6;7;19;7;0;5;13.1563289362497;260;30;283;13;270;230;ShockGraph;Piston
158;img/PPM/LearningSet/PistonAssembly/PistonAssembly009.ppm;9;12;12;35;13;0;5;20.7249888618654;96.9917695473251;24;282;15.1111111111111;266.888888888889;72.9917695473251;ShockGraph;PistonAssembly
159;img/PPM/LearningSet/PistonAssembly/PistonAssembly011.ppm;11;13;13;40;14;0;5;25.2237045585183;86;23;266;15;251;63;ShockGraph;PistonAssembly
160;img/PPM/LearningSet/PistonAssembly/PistonAssembly010.ppm;10;10;10;29;11;0;4;17.5355244168128;102.827160493827;22.0082304526749;285;15;270;80.8189300411523;ShockGraph;PistonAssembly
161;img/PPM/LearningSet/PistonAssembly/PistonAssembly005.ppm;5;5;6;15;6;0;5;8.58257569495584;250;30;248;35.2962962962963;212.703703703704;220;ShockGraph;PistonAssembly
162;img/PPM/LearningSet/PistonAssembly/PistonAssembly014.ppm;14;12;12;38;13;0;5;25.2420051982317;179.440329218107;12.6049382716049;272.827160493827;22.1152263374486;250.711934156379;166.835390946502;ShockGraph;PistonAssembly
163;img/PPM/LearningSet/PistonAssembly/PistonAssembly013.ppm;13;11;11;32;12;0;5;18.4564040245989;123.703703703704;22;267;20;247;101.703703703704;ShockGraph;PistonAssembly
164;img/PPM/LearningSet/PistonAssembly/PistonAssembly012.ppm;12;11;11;32;12;0;5;18.4564040245989;264;24;284.971193415638;28;256.971193415638;240;ShockGraph;PistonAssembly
165;img/PPM/LearningSet/PistonAssembly/PistonAssembly015.ppm;15;11;11;32;12;0;5;18.4564040245989;149.888888888889;43.1728395061728;271.991769547325;12;259.991769547325;106.716049382716;ShockGraph;PistonAssembly
166;img/PPM/LearningSet/PistonAssembly/PistonAssembly019.ppm;19;15;15;51;16;0;5;31.7022737805943;110;22;280.971193415638;18;262.971193415638;88;ShockGraph;PistonAssembly
167;img/PPM/LearningSet/PistonAssembly/PistonAssembly018.ppm;18;15;15;49;16;0;5;31.8457736074939;112.888888888889;20;285;13;272;92.8888888888889;ShockGraph;PistonAssembly
168;img/PPM/LearningSet/PistonAssembly/PistonAssembly016.ppm;16;22;22;82;23;0;5;48.7444348550873;121;13;280;14;266;108;ShockGraph;PistonAssembly
169;img/PPM/LearningSet/PistonAssembly/PistonAssembly017.ppm;17;14;14;44;15;0;5;26.8851107316457;121;15.0288065843621;278.971193415638;16;262.971193415638;105.971193415638;ShockGraph;PistonAssembly
170;img/PPM/LearningSet/PistonAssembly/PistonAssembly020.ppm;20;14;14;45;15;0;5;27.9901246731014;117;20.0905349794239;276.991769547325;15;261.991769547325;96.9094650205761;ShockGraph;PistonAssembly
171;img/PPM/LearningSet/PistonAssembly/PistonAssembly021.ppm;21;12;12;37;13;0;4;23.4865143650847;135;2.17695473251029;285.971193415638;15;270.971193415638;132.82304526749;ShockGraph;PistonAssembly
172;img/PPM/LearningSet/PistonAssembly/PistonAssembly026.ppm;26;16;16;57;17;0;5;34.5440614524721;107;20;281.971193415638;16;265.971193415638;87;ShockGraph;PistonAssembly
173;img/PPM/LearningSet/PistonAssembly/PistonAssembly022.ppm;22;13;13;41;14;0;4;25.0582724274176;177.888888888889;26;278.888888888889;9;269.888888888889;151.888888888889;ShockGraph;PistonAssembly
174;img/PPM/LearningSet/PistonAssembly/PistonAssembly024.ppm;24;17;17;57;18;0;5;35.8109944062289;131;38;281;15;266;93;ShockGraph;PistonAssembly
175;img/PPM/LearningSet/PistonAssembly/PistonAssembly023.ppm;23;11;11;32;12;0;5;19.888082077449;273;11.3292181069959;256.9670781893;10.1111111111111;246.855967078189;261.670781893004;ShockGraph;PistonAssembly
176;img/PPM/LearningSet/PistonAssembly/PistonAssembly025.ppm;25;13;13;42;14;0;4;26.0694996247084;133;24;280;18.0288065843621;261.971193415638;109;ShockGraph;PistonAssembly
177;img/PPM/LearningSet/PistonAssembly/PistonAssembly028.ppm;28;16;16;54;17;0;5;33.4133594193198;132.395061728395;35;274.884773662551;16;258.884773662551;97.3950617283951;ShockGraph;PistonAssembly
178;img/PPM/LearningSet/PistonAssembly/PistonAssembly027.ppm;27;7;8;32;8;0;3;17.4685954092884;174;25.1728395061728;278.991769547325;22;256.991769547325;148.827160493827;ShockGraph;PistonAssembly
179;img/PPM/LearningSet/PistonAssembly/PistonAssembly031.ppm;31;13;13;41;14;0;5;23.9932220755118;274.991769547325;15;154.674897119342;30;124.674897119342;259.991769547325;ShockGraph;PistonAssembly
180;img/PPM/LearningSet/PistonAssembly/PistonAssembly030.ppm;30;15;15;50;16;0;4;29.4927130910534;141;25;278;17;261;116;ShockGraph;PistonAssembly
181;img/PPM/LearningSet/PistonAssembly/PistonAssembly029.ppm;29;11;11;34;12;0;4;20.1395788375837;182.950617283951;40;269;24;245;142.950617283951;ShockGraph;PistonAssembly
182;img/PPM/LearningSet/PistonAssembly/PistonAssembly034.ppm;34;15;15;50;16;0;4;29.4927130910534;127;16;280.995884773663;15.7901234567901;265.205761316872;111;ShockGraph;PistonAssembly
183;img/PPM/LearningSet/PistonAssembly/PistonAssembly032.ppm;32;14;14;46;15;0;5;30.1499468635124;280.674897119342;13.3292181069959;155.279835390947;16.201646090535;139.078189300412;267.345679012346;ShockGraph;PistonAssembly
184;img/PPM/LearningSet/PistonAssembly/PistonAssembly033.ppm;33;15;15;49;16;0;5;30.9803368740957;135;33;280;18;262;102;ShockGraph;PistonAssembly
185;img/PPM/LearningSet/PistonAssembly/PistonAssembly037.ppm;37;14;14;45;15;0;5;27.9901246731014;125;13;285.950617283951;13;272.950617283951;112;ShockGraph;PistonAssembly
186;img/PPM/LearningSet/PistonAssembly/PistonAssembly036.ppm;36;15;15;50;16;0;4;29.4927130910534;128;17;278.20987654321;12;266.20987654321;111;ShockGraph;PistonAssembly
187;img/PPM/LearningSet/PistonAssembly/PistonAssembly035.ppm;35;14;14;45;15;0;5;27.9901246731014;129;15;286.995884773663;10;276.995884773663;114;ShockGraph;PistonAssembly
188;img/PPM/LearningSet/PistonAssembly/PistonAssembly038.ppm;38;14;14;45;15;0;5;27.9901246731014;131;20;283.950617283951;14;269.950617283951;111;ShockGraph;PistonAssembly
189;img/PPM/LearningSet/PistonAssembly/PistonAssembly039.ppm;39;12;12;38;13;0;5;25.2420051982317;139;22.7942386831276;286;7;279;116.205761316872;ShockGraph;PistonAssembly
190;img/PPM/LearningSet/PistonAssembly/PistonAssembly041.ppm;41;18;18;65;19;0;5;40.0292923688661;130;15;289;13;276;115;ShockGraph;PistonAssembly
191;img/PPM/LearningSet/PistonAssembly/PistonAssembly040.ppm;40;14;14;46;15;0;5;30.1499468635124;138;22;280;16;264;116;ShockGraph;PistonAssembly
192;img/PPM/LearningSet/PistonAssembly/PistonAssembly042.ppm;42;14;14;46;15;0;5;30.1499468635124;136;20;276;14;262;116;ShockGraph;PistonAssembly
193;img/PPM/LearningSet/PistonAssembly/PistonAssembly043.ppm;43;12;12;39;13;0;4;23.8926230190283;140;22;281.98353909465;16;265.98353909465;118;ShockGraph;PistonAssembly
194;img/PPM/LearningSet/PistonAssembly/PistonAssembly047.ppm;47;12;12;38;13;0;5;22.3549662765347;176.991769547325;45.1152263374486;278;15.3497942386831;262.650205761317;131.876543209877;ShockGraph;PistonAssembly
195;img/PPM/LearningSet/PistonAssembly/PistonAssembly044.ppm;44;12;12;40;13;0;4;24.1709050604833;163.995884773663;29.3251028806584;287.004115226337;12;275.004115226337;134.670781893004;ShockGraph;PistonAssembly
196;img/PPM/LearningSet/PistonAssembly/PistonAssembly046.ppm;46;12;12;38;13;0;4;22.7413073616941;161;10;285;3.20164609053498;281.798353909465;151;ShockGraph;PistonAssembly
197;img/PPM/LearningSet/PistonAssembly/PistonAssembly048.ppm;48;14;14;45;15;0;5;27.9901246731014;151;32;293;7;286;119;ShockGraph;PistonAssembly
198;img/PPM/LearningSet/PistonAssembly/PistonAssembly045.ppm;45;11;11;34;12;0;4;20.1395788375837;204;43;285;23;262;161;ShockGraph;PistonAssembly
199;img/PPM/LearningSet/PistonAssembly/PistonAssembly049.ppm;49;23;23;84;24;0;5;51.8180148452751;126;9.11522633744856;284;16;268;116.884773662551;ShockGraph;PistonAssembly
200;img/PPM/LearningSet/PistonAssembly/PistonAssembly051.ppm;51;17;17;56;18;0;5;35.2285815887215;132.884773662551;15.0082304526749;285;17;268;117.876543209877;ShockGraph;PistonAssembly
201;img/PPM/LearningSet/PistonAssembly/PistonAssembly052.ppm;52;15;15;48;16;0;5;30.0707791511599;133;17;284.888888888889;11;273.888888888889;116;ShockGraph;PistonAssembly
202;img/PPM/LearningSet/PistonAssembly/PistonAssembly050.ppm;50;25;25;96;26;0;5;57.1088563146744;142;19;297;11;286;123;ShockGraph;PistonAssembly
203;img/PPM/LearningSet/PistonAssembly/PistonAssembly053.ppm;53;21;21;79;22;0;5;45.4217789560393;137.991769547325;18.201646090535;285;12;273;119.79012345679;ShockGraph;PistonAssembly
204;img/PPM/LearningSet/PistonAssembly/PistonAssembly054.ppm;54;26;26;113;27;0;5;61.5340390110632;132;13.9012345679012;288;15;273;118.098765432099;ShockGraph;PistonAssembly
205;img/PPM/LearningSet/PistonAssembly/PistonAssembly059.ppm;59;8;9;33;9;0;4;20.6020893662481;153;22;279;15.0041152263374;263.995884773663;131;ShockGraph;PistonAssembly
206;img/PPM/LearningSet/PistonAssembly/PistonAssembly066.ppm;66;19;19;71;20;0;4;42.2223879706095;122;5;288;10;278;117;ShockGraph;PistonAssembly
207;img/PPM/LearningSet/PistonAssembly/PistonAssembly056.ppm;56;17;17;58;18;0;5;34.931708082342;161;17;280.884773662551;13.0493827160494;267.835390946502;144;ShockGraph;PistonAssembly
208;img/PPM/LearningSet/PistonAssembly/PistonAssembly067.ppm;67;6;7;21;7;0;4;13.3136324047638;137;17;280;11;269;120;ShockGraph;PistonAssembly
209;img/PPM/LearningSet/PistonAssembly/PistonAssembly062.ppm;62;13;13;42;14;0;5;26.4986529133285;158;11.1152263374486;288;13;275;146.884773662551;ShockGraph;PistonAssembly
210;img/PPM/LearningSet/PistonAssembly/PistonAssembly061.ppm;61;16;16;53;17;0;5;31.6543637382725;178;24;280;12;268;154;ShockGraph;PistonAssembly
211;img/PPM/LearningSet/PistonAssembly/PistonAssembly058.ppm;58;16;16;57;17;0;5;33.5960923523308;145.991769547325;20.0082304526749;296;7;289;125.98353909465;ShockGraph;PistonAssembly
212;img/PPM/LearningSet/PistonAssembly/PistonAssembly060.ppm;60;17;17;59;18;0;5;35.2589741626858;139.995884773663;18.0082304526749;288;7;281;121.987654320988;ShockGraph;PistonAssembly
213;img/PPM/LearningSet/PistonAssembly/PistonAssembly071.ppm;71;11;11;35;12;0;4;22.1890320292137;140.991769547325;10;286.695473251029;8;278.695473251029;130.991769547325;ShockGraph;PistonAssembly
214;img/PPM/LearningSet/PistonAssembly/PistonAssembly070.ppm;70;11;11;35;12;0;4;22.1890320292137;150.493827160494;15.0288065843621;288;16;272;135.465020576132;ShockGraph;PistonAssembly
215;img/PPM/LearningSet/PistonAssembly/PistonAssembly065.ppm;65;12;12;39;13;0;5;26.2247452714177;182;18.3497942386831;281.572016460905;12;269.572016460905;163.650205761317;ShockGraph;PistonAssembly
216;img/PPM/LearningSet/PistonAssembly/PistonAssembly057.ppm;57;12;12;38;13;0;4;22.7413073616941;215;24.1769547325103;286;16.5102880658436;269.489711934156;190.82304526749;ShockGraph;PistonAssembly
217;img/PPM/LearningSet/PistonAssembly/PistonAssembly064.ppm;64;11;11;34;12;0;5;22.3566949802428;153;13.1522633744856;284;14;270;139.847736625514;ShockGraph;PistonAssembly
218;img/PPM/LearningSet/PistonAssembly/PistonAssembly055.ppm;55;18;18;62;19;0;5;37.7843626085234;145;16;291.798353909465;9;282.798353909465;129;ShockGraph;PistonAssembly
219;img/PPM/LearningSet/PistonAssembly/PistonAssembly068.ppm;68;9;9;26;10;0;5;16.9197638896038;155.946502057613;24;285.971193415638;14;271.971193415638;131.946502057613;ShockGraph;PistonAssembly
220;img/PPM/LearningSet/PistonAssembly/PistonAssembly069.ppm;69;14;14;46;15;0;5;28.902066201681;147;3.0082304526749;277;11;266;143.991769547325;ShockGraph;PistonAssembly
221;img/PPM/LearningSet/PistonAssembly/PistonAssembly063.ppm;63;13;13;43;14;0;5;26.5841758606194;190;15;286.950617283951;9;277.950617283951;175;ShockGraph;PistonAssembly
222;img/PPM/LearningSet/PistonAssembly/PistonAssembly072.ppm;72;10;11;46;11;0;4;27.2107119398659;157;20;281;14;267;137;ShockGraph;PistonAssembly
223;img/PPM/LearningSet/PistonAssembly/PistonAssembly074.ppm;74;21;20;70;22;0;4;40.8573175370974;126;5;291;10;281;121;ShockGraph;PistonAssembly
224;img/PPM/LearningSet/PistonAssembly/PistonAssembly073.ppm;73;4;5;14;5;0;3;8.67768168717115;182;20;275;21;254;162;ShockGraph;PistonAssembly
225;img/PPM/LearningSet/PistonAssembly/PistonAssembly075.ppm;75;15;15;52;16;0;5;31.6814208339667;279;16;178;14;164;263;ShockGraph;PistonAssembly
226;img/PPM/LearningSet/ROD/rod001.ppm;1;8;8;24;9;0;4;14.2424630577773;271.995884773663;32;92;23;69;239.995884773663;ShockGraph;Rod
227;img/PPM/LearningSet/PistonAssembly/PistonAssembly076.ppm;76;11;11;34;12;0;5;22.3174271293572;191;21.1152263374486;290;4;286;169.884773662551;ShockGraph;PistonAssembly
228;img/PPM/LearningSet/PistonAssembly/PistonAssembly081.ppm;81;9;10;41;10;0;4;23.4835407651162;170;31;285;17;268;139;ShockGraph;PistonAssembly
229;img/PPM/LearningSet/PistonAssembly/PistonAssembly077.ppm;77;5;6;17;6;0;3;11.6841256431864;267;34.1111111111111;221;28;193;232.888888888889;ShockGraph;PistonAssembly
230;img/PPM/LearningSet/PistonAssembly/PistonAssembly080.ppm;80;12;12;41;13;0;4;23.218272723587;194.995884773663;22;285;13.0493827160494;271.950617283951;172.995884773663;ShockGraph;PistonAssembly
231;img/PPM/LearningSet/PistonAssembly/PistonAssembly079.ppm;79;13;13;42;14;0;5;26.0124979273308;189;12;279;18;261;177;ShockGraph;PistonAssembly
232;img/PPM/LearningSet/ROD/rod002.ppm;2;8;8;24;9;0;4;14.2424630577773;276;19;94.3703703703704;17;77.3703703703704;257;ShockGraph;Rod
233;img/PPM/LearningSet/PistonAssembly/PistonAssembly082.ppm;82;11;11;35;12;0;5;22.2340778866292;188;21;293;7;286;167;ShockGraph;PistonAssembly
234;img/PPM/LearningSet/PistonAssembly/PistonAssembly078.ppm;78;12;12;37;13;0;5;23.1916498195533;214;17.0493827160494;282;19.0082304526749;262.991769547325;196.950617283951;ShockGraph;PistonAssembly
235;img/PPM/LearningSet/ROD/rod003.ppm;3;11;11;34;12;0;4;20.1395788375837;274.995884773663;23;105;15;90;251.995884773663;ShockGraph;Rod
236;img/PPM/LearningSet/ROD/rod006.ppm;6;7;8;25;8;0;3;15.8481933443458;103;48;252;47;205;55;ShockGraph;Rod
237;img/PPM/LearningSet/ROD/rod004.ppm;4;11;11;34;12;0;4;20.1395788375837;277;30;123;22;101;247;ShockGraph;Rod
238;img/PPM/LearningSet/ROD/rod005.ppm;5;11;11;34;12;0;4;20.1395788375837;248;49;177;30;147;199;ShockGraph;Rod
239;img/PPM/LearningSet/ROD/rod009.ppm;9;11;11;34;12;0;4;20.1395788375837;279;23.0041152263374;100;22;78;255.995884773663;ShockGraph;Rod
240;img/PPM/LearningSet/ROD/rod010.ppm;10;12;12;37;13;0;5;23.1916498195533;277;18;111;33.4444444444444;77.5555555555555;259;ShockGraph;Rod
241;img/PPM/LearningSet/ROD/rod008.ppm;8;10;10;31;11;0;4;18.4701617101131;280;29;106;10;96;251;ShockGraph;Rod
242;img/PPM/LearningSet/ROD/rod007.ppm;7;11;11;34;12;0;4;20.1395788375837;257;43.0041152263375;182;25;157;213.995884773663;ShockGraph;Rod
243;img/PPM/LearningSet/ROD/rod013.ppm;13;5;6;20;6;0;3;11.3295202099932;282;18;43;23;20;264;ShockGraph;Rod
244;img/PPM/LearningSet/ROD/rod012.ppm;12;6;6;16;7;0;3;10.0457536766976;276.995884773663;19;66;27;39;257.995884773663;ShockGraph;Rod
245;img/PPM/LearningSet/ROD/rod011.ppm;11;8;8;24;9;0;4;14.2424630577773;292;9.17283950617284;85.7037037037037;12;73.7037037037037;282.827160493827;ShockGraph;Rod
246;img/PPM/LearningSet/ROD/rod014.ppm;14;5;6;17;6;0;3;9.70802232303093;277.674897119342;29.1111111111111;108.485596707819;14;94.4855967078189;248.56378600823;ShockGraph;Rod
247;img/PPM/LearningSet/ROD/rod015.ppm;15;8;8;25;9;0;3;13.5410357562815;281.465020576132;20;125.971193415638;7.05349794238683;118.917695473251;261.465020576132;ShockGraph;Rod
248;img/PPM/LearningSet/ROD/rod016.ppm;16;11;11;34;12;0;4;20.3769487785608;278.674897119342;18;193.674897119342;18.0041152263374;175.670781893004;260.674897119342;ShockGraph;Rod
249;img/PPM/LearningSet/ROD/rod018.ppm;18;5;5;13;6;0;3;7.47280148861044;283;20;84;11.0041152263374;72.9958847736626;263;ShockGraph;Rod
250;img/PPM/LearningSet/ROD/rod019.ppm;19;10;10;31;11;0;4;18.4701617101131;281.991769547325;24;81;8;73;257.991769547325;ShockGraph;Rod
251;img/PPM/LearningSet/ROD/rod020.ppm;20;12;12;37;13;0;5;22.6842518319029;285;18;84;18;66;267;ShockGraph;Rod
252;img/PPM/LearningSet/ROD/rod021.ppm;21;7;7;21;8;0;3;11.9393937713176;291.995884773663;15;73;9.60493827160494;63.3950617283951;276.995884773663;ShockGraph;Rod
253;img/PPM/LearningSet/ROD/rod022.ppm;22;10;10;31;11;0;4;18.4701617101131;291.185185185185;16;61;10.0493827160494;50.9506172839506;275.185185185185;ShockGraph;Rod
254;img/PPM/LearningSet/ROD/rod023.ppm;23;13;13;41;14;0;5;26.1353331037166;289;17.1728395061728;41;5;36;271.827160493827;ShockGraph;Rod
255;img/PPM/LearningSet/ROD/rod017.ppm;17;10;10;31;11;0;4;18.4701617101131;156.279835390947;27.3004115226337;284.674897119342;12;272.674897119342;128.979423868313;ShockGraph;Rod
256;img/PPM/LearningSet/ROD/rod025.ppm;25;13;13;44;14;0;4;25.954072433624;141.991769547325;53;273.818930041152;10.4691358024691;263.349794238683;88.9917695473251;ShockGraph;Rod
257;img/PPM/LearningSet/ROD/rod024.ppm;24;13;13;39;14;0;5;24.5796615300545;209.576131687243;18.119341563786;271.991769547325;23.201646090535;248.79012345679;191.456790123457;ShockGraph;Rod
258;img/PPM/LearningSet/ROD/rod026.ppm;26;7;8;23;8;0;5;15.1209619727349;219.255144032922;26.0288065843621;272.818930041152;26.1111111111111;246.707818930041;193.22633744856;ShockGraph;Rod
259;img/PPM/LearningSet/ROD/rod028.ppm;28;9;9;27;10;0;5;18.8438285840248;89;8.0082304526749;277.971193415638;9.0082304526749;268.962962962963;80.9917695473251;ShockGraph;Rod
260;img/PPM/LearningSet/ROD/rod027.ppm;27;11;11;34;12;0;4;20.3769487785608;108.991769547325;10;280;10.0493827160494;269.950617283951;98.9917695473251;ShockGraph;Rod
261;img/PPM/LearningSet/ROD/rod035.ppm;35;11;11;34;12;0;4;20.3769487785608;283;9.62962962962963;55;10;45;273.37037037037;ShockGraph;Rod
262;img/PPM/LearningSet/ROD/rod029.ppm;29;9;9;28;10;0;3;16.6351572496742;122;22.0082304526749;278;18;260;99.9917695473251;ShockGraph;Rod
263;img/PPM/LearningSet/ROD/rod031.ppm;31;5;5;13;6;0;3;7.91201922311936;287;16;88.9917695473251;15;73.9917695473251;271;ShockGraph;Rod
264;img/PPM/LearningSet/ROD/rod033.ppm;33;9;9;28;10;0;3;16.4259277241579;292;8;83;10.0041152263374;72.9958847736626;284;ShockGraph;Rod
265;img/PPM/LearningSet/ROD/rod034.ppm;34;6;6;18;7;0;3;9.01924771614939;283;13.0041152263374;73;11;62;269.995884773663;ShockGraph;Rod
266;img/PPM/LearningSet/ROD/rod032.ppm;32;9;9;28;10;0;3;16.4259277241579;279.991769547325;19.0493827160494;81.395061728395;8.2962962962963;73.0987654320988;260.942386831276;ShockGraph;Rod
267;img/PPM/LearningSet/ROD/rod039.ppm;39;11;11;34;12;0;4;20.1395788375837;153.827160493827;20;280;17.0041152263374;262.995884773663;133.827160493827;ShockGraph;Rod
268;img/PPM/LearningSet/ROD/rod041.ppm;41;7;7;19;8;0;4;11.2769841975668;280.950617283951;18.559670781893;108.888888888889;13.9876543209877;94.9012345679012;262.390946502058;ShockGraph;Rod
269;img/PPM/LearningSet/ROD/rod038.ppm;38;10;10;31;11;0;4;18.4701617101131;130.950617283951;19.0041152263374;282;12;270;111.946502057613;ShockGraph;Rod
270;img/PPM/LearningSet/ROD/rod042.ppm;42;11;11;34;12;0;4;20.3769487785608;277.991769547325;17.8271604938272;92.9506172839506;12.4485596707819;80.5020576131687;260.164609053498;ShockGraph;Rod
271;img/PPM/LearningSet/ROD/rod030.ppm;30;16;16;54;17;0;4;31.0392735350517;198.991769547325;30.0493827160494;271.995884773663;22;249.995884773663;168.942386831276;ShockGraph;Rod
272;img/PPM/LearningSet/ROD/rod043.ppm;43;8;8;23;9;0;4;13.1685539778782;284.703703703704;14.3497942386831;75.8888888888889;8.00411522633745;67.8847736625515;270.353909465021;ShockGraph;Rod
273;img/PPM/LearningSet/ROD/rod044.ppm;44;7;7;20;8;0;3;11.9910292491954;278;19.4732510288066;64;12.6296296296296;51.3703703703704;258.526748971193;ShockGraph;Rod
274;img/PPM/LearningSet/ROD/rod037.ppm;37;16;16;54;17;0;4;31.0392735350517;232.950617283951;54;261;5;256;178.950617283951;ShockGraph;Rod
275;img/PPM/LearningSet/ROD/rod046.ppm;46;15;14;46;16;0;4;26.816065121098;275;19.0493827160494;44;16;28;255.950617283951;ShockGraph;Rod
276;img/PPM/LearningSet/ROD/rod040.ppm;40;11;11;34;12;0;5;22.3174271293572;282;16;264;13;251;266;ShockGraph;Rod
277;img/PPM/LearningSet/ROD/rod045.ppm;45;11;11;34;12;0;4;20.3769487785608;281;20.1646090534979;93.3045267489712;9.11111111111111;84.1934156378601;260.835390946502;ShockGraph;Rod
278;img/PPM/LearningSet/ROD/rod047.ppm;47;7;7;20;8;0;3;11.9910292491954;276;18.5102880658436;76.9711934156379;17;59.9711934156379;257.489711934156;ShockGraph;Rod
279;img/PPM/LearningSet/ROD/rod048.ppm;48;9;9;26;10;0;4;15.5751137012299;277.827160493827;13.3497942386831;92.6995884773663;14.4238683127572;78.2757201646091;264.477366255144;ShockGraph;Rod
280;img/PPM/LearningSet/ROD/rod052.ppm;52;11;11;35;12;0;4;20.4643324924769;283;11.3251028806584;45;15;30;271.674897119342;ShockGraph;Rod
281;img/PPM/LearningSet/ROD/rod049.ppm;49;8;8;22;9;0;5;15.4687754862782;283;19.7201646090535;106.444444444444;14.0288065843621;92.4156378600823;263.279835390947;ShockGraph;Rod
282;img/PPM/LearningSet/ROD/rod050.ppm;50;8;8;23;9;0;4;14.3810813986903;281;14.3251028806584;79.3045267489712;8;71.3045267489712;266.674897119342;ShockGraph;Rod
283;img/PPM/LearningSet/ROD/rod051.ppm;51;7;7;20;8;0;3;11.9910292491954;287.646090534979;7.11522633744856;66.8189300411523;9;57.8189300411523;280.530864197531;ShockGraph;Rod
284;img/PPM/LearningSet/ROD/rod053.ppm;53;8;8;23;9;0;4;13.1685539778782;285.576131687243;9.4238683127572;76.9958847736626;9.11111111111111;67.8847736625514;276.152263374486;ShockGraph;Rod
285;img/PPM/LearningSet/ROD/rod036.ppm;36;11;12;42;12;0;4;25.843326066653;277.888888888889;20.4238683127572;263;27.0041152263374;235.995884773663;257.465020576132;ShockGraph;Rod
286;img/PPM/LearningSet/ROD/rod054.ppm;54;8;8;23;9;0;4;13.1685539778782;285;14.559670781893;91.7037037037037;11.1975308641975;80.5061728395062;270.440329218107;ShockGraph;Rod
287;img/PPM/LearningSet/ROD/rod055.ppm;55;7;7;19;8;0;4;11.2769841975668;288;7.03703703703704;102.995884773663;5.03703703703704;97.9588477366255;280.962962962963;ShockGraph;Rod
288;img/PPM/LearningSet/ROD/rod056.ppm;56;9;9;26;10;0;5;16.9197638896038;279.950617283951;19;131.818930041152;3;128.818930041152;260.950617283951;ShockGraph;Rod
289;img/PPM/LearningSet/ROD/rod061.ppm;61;11;11;34;12;0;4;21.5863805230873;287;14;48;12;36;273;ShockGraph;Rod
290;img/PPM/LearningSet/ROD/rod060.ppm;60;13;13;45;14;0;4;26.2856716968374;278.950617283951;19.1111111111111;111;1;110;259.839506172839;ShockGraph;Rod
291;img/PPM/LearningSet/ROD/rod057.ppm;57;11;11;35;12;0;4;20.4004538184469;279.995884773663;26;176.884773662551;11.9300411522634;164.954732510288;253.995884773663;ShockGraph;Rod
292;img/PPM/LearningSet/ROD/rod065.ppm;65;11;11;33;12;0;4;20.1527450305443;65;16.5102880658436;290;5.42798353909465;284.572016460905;48.4897119341564;ShockGraph;Rod
293;img/PPM/LearningSet/ROD/rod059.ppm;59;13;13;42;14;0;4;23.0803785956983;266.884773662551;39.3004115226337;203.160493827161;13.1769547325103;189.98353909465;227.584362139918;ShockGraph;Rod
294;img/PPM/LearningSet/ROD/rod064.ppm;64;12;13;51;13;0;4;30.0939547397458;89.8847736625514;19.0288065843621;285.950617283951;18.201646090535;267.748971193416;70.8559670781893;ShockGraph;Rod
295;img/PPM/LearningSet/ROD/rod058.ppm;58;10;11;41;11;0;4;23.5157682936161;206.991769547325;17;283.884773662551;18.0288065843621;265.855967078189;189.991769547325;ShockGraph;Rod
296;img/PPM/LearningSet/ROD/rod063.ppm;63;10;10;29;11;0;5;18.9860845892212;153;20.4526748971193;283.012345679012;9;274.012345679012;132.547325102881;ShockGraph;Rod
297;img/PPM/LearningSet/ROD/rod062.ppm;62;13;13;42;14;0;4;24.2853280091978;241.950617283951;14;280;22.7901234567901;257.20987654321;227.950617283951;ShockGraph;Rod
